Kate Tiger,kate.tiger@abc.edu
Mary Markel, mary.markel@abc.edu
Kate Tiger,kate.tiger@abc.edu
Mary Markel, mary.markel@abc.edu
Kate Tiger,kate.tiger@abc.edu
Mary Markel, mary.markel@abc.edu
Kate Tiger,kate.tiger@abc.edu
Mary Markel, mary.markel@abc.edu
Kate Tiger,kate.tiger@abc.edu
Mary Markel, mary.markel@abc.edu
Kate Tiger,kate.tiger@abc.edu
Mary Markel, mary.markel@abc.edu
Kate Tiger,kate.tiger@abc.edu
Mary Markel, mary.markel@abc.edu
Kate Tiger,kate.tiger@abc.edu
Mary Markel, mary.markel@abc.edu
Kate Tiger,kate.tiger@abc.edu
Mary Markel, mary.markel@abc.edu
Kate Tiger,kate.tiger@abc.edu
Mary Markel, mary.markel@abc.edu
Kate Tiger,kate.tiger@abc.edu
Mary Markel, mary.markel@abc.edu
Kate Tiger,kate.tiger@abc.edu
Mary Markel, mary.markel@abc.edu
Kate Tiger,kate.tiger@abc.edu
Mary Markel, mary.markel@abc.edu
Kate Tiger,kate.tiger@abc.edu
Mary Markel, mary.markel@abc.edu
Kate Tiger,kate.tiger@abc.edu
Mary Markel, mary.markel@abc.edu
Kate Tiger,kate.tiger@abc.edu
Mary Markel, mary.markel@abc.edu
Kate Tiger,kate.tiger@abc.edu
Mary Markel, mary.markel@abc.edu
Kate Tiger,kate.tiger@abc.edu
Mary Markel, mary.markel@abc.edu
Kate Tiger,kate.tiger@abc.edu
Mary Markel, mary.markel@abc.edu
